USE traveloop;

-- Demo users
INSERT INTO users (id, name, email, password_hash) VALUES
  (1, 'Parshuram Demo', 'parshuram@traveloop.test', '$2b$10$nBXUuzFOcJDNhd61p3hssunIAuA8IeVu3PLz1B4kL.EV2j4YjpghK'),
  (2, 'Sahil Demo', 'sahil@traveloop.test', '$2b$10$IRBI3aXWnsXpqzRDc62BjeFbBPV3LYzra5cTMuHlOmBzB6RbyW4Aq');

-- Seeded master cities
INSERT INTO cities (id, name, country_code, country_name, timezone, latitude, longitude, is_active) VALUES
  (1, 'Paris', 'FR', 'France', 'Europe/Paris', 48.856600, 2.352200, TRUE),
  (2, 'Amsterdam', 'NL', 'Netherlands', 'Europe/Amsterdam', 52.367600, 4.904100, TRUE),
  (3, 'Berlin', 'DE', 'Germany', 'Europe/Berlin', 52.520000, 13.405000, TRUE),
  (4, 'Prague', 'CZ', 'Czech Republic', 'Europe/Prague', 50.075500, 14.437800, TRUE),
  (5, 'Vienna', 'AT', 'Austria', 'Europe/Vienna', 48.208200, 16.373800, TRUE),
  (6, 'Venice', 'IT', 'Italy', 'Europe/Rome', 45.440800, 12.315500, TRUE),
  (7, 'Florence', 'IT', 'Italy', 'Europe/Rome', 43.769600, 11.255800, TRUE),
  (8, 'Rome', 'IT', 'Italy', 'Europe/Rome', 41.902800, 12.496400, TRUE),
  (9, 'Barcelona', 'ES', 'Spain', 'Europe/Madrid', 41.387400, 2.168600, TRUE),
  (10, 'Lisbon', 'PT', 'Portugal', 'Europe/Lisbon', 38.722300, -9.139300, TRUE),
  (11, 'Tokyo', 'JP', 'Japan', 'Asia/Tokyo', 35.676200, 139.650300, TRUE),
  (12, 'Kyoto', 'JP', 'Japan', 'Asia/Tokyo', 35.011600, 135.768100, TRUE),
  (13, 'Osaka', 'JP', 'Japan', 'Asia/Tokyo', 34.693700, 135.502300, TRUE),
  (14, 'Hiroshima', 'JP', 'Japan', 'Asia/Tokyo', 34.385300, 132.455300, TRUE),
  (15, 'Nara', 'JP', 'Japan', 'Asia/Tokyo', 34.685100, 135.804800, TRUE),
  (16, 'Sapporo', 'JP', 'Japan', 'Asia/Tokyo', 43.061800, 141.354500, TRUE),
  (17, 'Delhi', 'IN', 'India', 'Asia/Kolkata', 28.613900, 77.209000, TRUE),
  (18, 'Agra', 'IN', 'India', 'Asia/Kolkata', 27.176700, 78.008100, TRUE),
  (19, 'Jaipur', 'IN', 'India', 'Asia/Kolkata', 26.912400, 75.787300, TRUE),
  (20, 'Udaipur', 'IN', 'India', 'Asia/Kolkata', 24.585400, 73.712500, TRUE),
  (21, 'Varanasi', 'IN', 'India', 'Asia/Kolkata', 25.317600, 82.973900, TRUE),
  (22, 'Mumbai', 'IN', 'India', 'Asia/Kolkata', 19.076000, 72.877700, TRUE),
  (23, 'Kochi', 'IN', 'India', 'Asia/Kolkata', 9.931200, 76.267300, TRUE),
  (24, 'Goa', 'IN', 'India', 'Asia/Kolkata', 15.299300, 74.124000, TRUE);

-- Activities by city
INSERT INTO activities (id, city_id, name, category, description, address, estimated_cost, duration_minutes) VALUES
  (101, 1, 'Louvre Museum', 'Museum', 'Explore major art collections including the Mona Lisa.', 'Rue de Rivoli, Paris', 25.00, 180),
  (102, 1, 'Eiffel Tower Summit', 'Landmark', 'Visit the top levels of Paris most famous landmark.', 'Champ de Mars, Paris', 38.00, 120),
  (103, 1, 'Montmartre Food Walk', 'Food', 'Taste pastries, cheese, and local bites around Montmartre.', 'Montmartre, Paris', 65.00, 180),
  (201, 2, 'Rijksmuseum', 'Museum', 'See Dutch masters and national art collections.', 'Museumstraat 1, Amsterdam', 24.00, 150),
  (202, 2, 'Amsterdam Canal Cruise', 'Sightseeing', 'Classic boat route through the central canal belt.', 'Prins Hendrikkade, Amsterdam', 22.00, 75),
  (203, 2, 'Jordaan Cycling Tour', 'Outdoor', 'Guided bike ride through Jordaan and nearby neighborhoods.', 'Jordaan, Amsterdam', 35.00, 120),
  (301, 3, 'Brandenburg Gate Walk', 'Landmark', 'Walk through Berlin historic center and landmark square.', 'Pariser Platz, Berlin', 0.00, 60),
  (302, 3, 'Museum Island Pass', 'Museum', 'Visit key museums on Berlin Museum Island.', 'Museum Island, Berlin', 28.00, 210),
  (303, 3, 'Kreuzberg Street Food', 'Food', 'Try currywurst, doner, and market snacks in Kreuzberg.', 'Kreuzberg, Berlin', 32.00, 150),
  (401, 4, 'Charles Bridge Sunrise', 'Landmark', 'Early walk across Charles Bridge before peak crowds.', 'Charles Bridge, Prague', 0.00, 60),
  (402, 4, 'Prague Castle Circuit', 'History', 'Tour Prague Castle, courtyards, and cathedral areas.', 'Hradcany, Prague', 18.00, 180),
  (403, 4, 'Old Town Square Walk', 'Sightseeing', 'See the Astronomical Clock and medieval streets.', 'Old Town Square, Prague', 0.00, 90),
  (501, 5, 'Schonbrunn Palace', 'History', 'Visit palace rooms and gardens outside central Vienna.', 'Schonbrunner Schlossstrasse, Vienna', 32.00, 180),
  (502, 5, 'Belvedere Museum', 'Museum', 'See Austrian art and palace architecture.', 'Prinz Eugen-Strasse, Vienna', 19.00, 120),
  (503, 5, 'Naschmarkt Dinner Crawl', 'Food', 'Sample casual food stalls and local restaurants.', 'Naschmarkt, Vienna', 45.00, 150),
  (601, 6, 'Grand Canal Gondola Ride', 'Sightseeing', 'Shared gondola ride through classic canal routes.', 'San Marco, Venice', 45.00, 45),
  (602, 6, 'Doge''s Palace', 'History', 'Tour Venetian palace rooms and the Bridge of Sighs.', 'Piazza San Marco, Venice', 30.00, 120),
  (603, 6, 'Rialto Market Visit', 'Food', 'Morning visit to Venice fish and produce market.', 'Rialto, Venice', 10.00, 75),
  (701, 7, 'Uffizi Gallery', 'Museum', 'See Renaissance art in one of Florence top museums.', 'Piazzale degli Uffizi, Florence', 29.00, 180),
  (702, 7, 'Florence Duomo Climb', 'Landmark', 'Climb Brunelleschi dome for city views.', 'Piazza del Duomo, Florence', 34.00, 120),
  (703, 7, 'Tuscan Cooking Class', 'Food', 'Hands-on class with pasta and regional dishes.', 'Historic Center, Florence', 85.00, 240),
  (801, 8, 'Colosseum and Forum', 'History', 'Tour ancient Rome with timed Colosseum access.', 'Piazza del Colosseo, Rome', 35.00, 180),
  (802, 8, 'Vatican Museums', 'Museum', 'Visit the Vatican Museums and Sistine Chapel.', 'Viale Vaticano, Rome', 42.00, 210),
  (803, 8, 'Trastevere Evening Walk', 'Food', 'Explore lanes, trattorias, and gelato stops.', 'Trastevere, Rome', 55.00, 180),
  (901, 9, 'Sagrada Familia', 'Landmark', 'Visit Gaudi basilica with tower access option.', 'Carrer de Mallorca, Barcelona', 36.00, 120),
  (902, 9, 'Park Guell', 'Outdoor', 'Walk Gaudi designed terraces and park viewpoints.', 'Carrer d''Olot, Barcelona', 18.00, 120),
  (903, 9, 'Gothic Quarter Tapas Walk', 'Food', 'Evening tapas walk through historic lanes.', 'Gothic Quarter, Barcelona', 60.00, 180),
  (1001, 10, 'Belem Tower and Jeronimos', 'History', 'Explore Belem monuments and riverside views.', 'Belem, Lisbon', 18.00, 150),
  (1002, 10, 'Tram 28 Ride', 'Sightseeing', 'Ride the classic tram through old Lisbon.', 'Martim Moniz, Lisbon', 4.00, 60),
  (1003, 10, 'Alfama Fado Night', 'Music', 'Dinner and live fado in Alfama.', 'Alfama, Lisbon', 55.00, 150),
  (1101, 11, 'Shibuya Crossing and Sky', 'Landmark', 'Visit Shibuya crossing and city observation deck.', 'Shibuya, Tokyo', 18.00, 120),
  (1102, 11, 'Meiji Shrine and Harajuku', 'Culture', 'Quiet shrine walk followed by Harajuku streets.', 'Shibuya, Tokyo', 0.00, 150),
  (1103, 11, 'Tsukiji Outer Market Breakfast', 'Food', 'Seafood breakfast and market browsing.', 'Tsukiji, Tokyo', 35.00, 120),
  (1104, 11, 'teamLab Planets', 'Art', 'Immersive digital art museum experience.', 'Toyosu, Tokyo', 30.00, 120),
  (1201, 12, 'Fushimi Inari Shrine', 'Culture', 'Walk the torii gate trails at Fushimi Inari.', 'Fushimi Ward, Kyoto', 0.00, 150),
  (1202, 12, 'Arashiyama Bamboo Grove', 'Outdoor', 'Visit bamboo paths, river area, and temples.', 'Arashiyama, Kyoto', 10.00, 180),
  (1203, 12, 'Kiyomizu-dera Temple', 'Culture', 'Historic hillside temple with Kyoto views.', 'Higashiyama, Kyoto', 4.00, 90),
  (1204, 12, 'Nishiki Market Lunch', 'Food', 'Street food tasting through Kyoto kitchen market.', 'Nishiki Market, Kyoto', 28.00, 120),
  (1301, 13, 'Dotonbori Food Night', 'Food', 'Takoyaki, okonomiyaki, and neon canal views.', 'Dotonbori, Osaka', 40.00, 180),
  (1302, 13, 'Osaka Castle', 'History', 'Tour the castle museum and surrounding park.', 'Chuo Ward, Osaka', 8.00, 120),
  (1303, 13, 'Kuromon Market Walk', 'Food', 'Casual seafood and snack tasting route.', 'Nippombashi, Osaka', 35.00, 120),
  (1401, 14, 'Peace Memorial Museum', 'History', 'Visit the museum and memorial park.', 'Naka Ward, Hiroshima', 5.00, 150),
  (1402, 14, 'Miyajima Island Day Trip', 'Outdoor', 'Ferry to Itsukushima Shrine and island trails.', 'Miyajima, Hiroshima', 35.00, 360),
  (1403, 14, 'Hiroshima Okonomiyaki Dinner', 'Food', 'Try Hiroshima style okonomiyaki.', 'Okonomimura, Hiroshima', 18.00, 90),
  (1501, 15, 'Todai-ji Temple', 'Culture', 'Visit the Great Buddha Hall.', 'Zoshi-cho, Nara', 6.00, 90),
  (1502, 15, 'Nara Park Walk', 'Outdoor', 'Walk through the park and temple area.', 'Nara Park, Nara', 0.00, 120),
  (1503, 15, 'Kasuga Taisha Shrine', 'Culture', 'Explore lantern paths and shrine grounds.', 'Kasugano-cho, Nara', 5.00, 75),
  (1601, 16, 'Odori Park and TV Tower', 'Sightseeing', 'Central Sapporo park walk and tower view.', 'Odori Park, Sapporo', 10.00, 90),
  (1602, 16, 'Sapporo Beer Museum', 'Food', 'Museum visit and tasting room stop.', 'Higashi Ward, Sapporo', 12.00, 120),
  (1603, 16, 'Otaru Canal Day Trip', 'Outdoor', 'Short rail trip to canal streets and seafood.', 'Otaru, Hokkaido', 45.00, 300),
  (1701, 17, 'Red Fort', 'History', 'Explore Mughal-era fort complex in Old Delhi.', 'Netaji Subhash Marg, Delhi', 8.00, 120),
  (1702, 17, 'Qutub Minar', 'History', 'Visit the UNESCO-listed minaret complex.', 'Mehrauli, Delhi', 7.00, 90),
  (1703, 17, 'Chandni Chowk Food Walk', 'Food', 'Guided tasting through Old Delhi lanes.', 'Chandni Chowk, Delhi', 30.00, 180),
  (1704, 17, 'India Gate Evening Walk', 'Landmark', 'Evening walk around India Gate and Kartavya Path.', 'Kartavya Path, Delhi', 0.00, 60),
  (1801, 18, 'Taj Mahal Sunrise', 'Landmark', 'Early morning visit to the Taj Mahal.', 'Dharmapuri, Agra', 16.00, 150),
  (1802, 18, 'Agra Fort', 'History', 'Tour the red sandstone Mughal fort.', 'Rakabganj, Agra', 8.00, 120),
  (1803, 18, 'Mehtab Bagh Sunset', 'Outdoor', 'Garden viewpoint across the Yamuna from the Taj Mahal.', 'Mehtab Bagh, Agra', 4.00, 75),
  (1901, 19, 'Amber Fort', 'History', 'Visit hilltop fort courtyards and mirror palace.', 'Amer, Jaipur', 12.00, 180),
  (1902, 19, 'City Palace Jaipur', 'Culture', 'Museum and royal palace complex in the old city.', 'Gangori Bazaar, Jaipur', 10.00, 120),
  (1903, 19, 'Hawa Mahal Photo Stop', 'Landmark', 'Morning photo stop at the Palace of Winds.', 'Badi Choupad, Jaipur', 4.00, 45),
  (1904, 19, 'Johari Bazaar Walk', 'Shopping', 'Browse textiles, jewelry, and local crafts.', 'Johari Bazaar, Jaipur', 0.00, 90),
  (2001, 20, 'City Palace Udaipur', 'Culture', 'Lakeside palace museum with city views.', 'Old City, Udaipur', 12.00, 150),
  (2002, 20, 'Lake Pichola Boat Ride', 'Sightseeing', 'Boat ride across Lake Pichola at golden hour.', 'Lake Pichola, Udaipur', 18.00, 75),
  (2003, 20, 'Bagore Ki Haveli Show', 'Culture', 'Evening folk dance and music performance.', 'Gangaur Ghat, Udaipur', 8.00, 90),
  (2101, 21, 'Sunrise Ganga Boat Ride', 'Culture', 'Boat ride past Varanasi ghats at sunrise.', 'Dashashwamedh Ghat, Varanasi', 20.00, 90),
  (2102, 21, 'Kashi Vishwanath Temple Area', 'Culture', 'Walk the temple lanes and nearby markets.', 'Godowlia, Varanasi', 0.00, 90),
  (2103, 21, 'Evening Ganga Aarti', 'Culture', 'Watch the evening aarti ceremony on the ghats.', 'Dashashwamedh Ghat, Varanasi', 0.00, 75),
  (2201, 22, 'Gateway of India', 'Landmark', 'Visit the waterfront monument and Colaba area.', 'Apollo Bandar, Mumbai', 0.00, 60),
  (2202, 22, 'Elephanta Caves', 'History', 'Ferry and cave temple visit from Mumbai harbor.', 'Elephanta Island, Mumbai', 25.00, 300),
  (2203, 22, 'Marine Drive Sunset', 'Outdoor', 'Evening walk along the Queen Necklace.', 'Marine Drive, Mumbai', 0.00, 75),
  (2301, 23, 'Fort Kochi Heritage Walk', 'Culture', 'Walk Chinese fishing nets, lanes, and colonial sites.', 'Fort Kochi, Kochi', 12.00, 120),
  (2302, 23, 'Kathakali Performance', 'Culture', 'Classical dance-drama show with makeup demo.', 'Fort Kochi, Kochi', 15.00, 120),
  (2303, 23, 'Kerala Backwaters Day Trip', 'Outdoor', 'Houseboat-style backwater cruise near Kochi.', 'Alappuzha, Kerala', 65.00, 420),
  (2401, 24, 'Fontainhas Heritage Walk', 'Culture', 'Explore Panaji Latin Quarter streets and cafes.', 'Fontainhas, Goa', 15.00, 120),
  (2402, 24, 'Old Goa Churches', 'History', 'Visit Basilica of Bom Jesus and nearby churches.', 'Old Goa, Goa', 5.00, 120),
  (2403, 24, 'Palolem Beach Day', 'Outdoor', 'Relaxed beach day with cafes and kayaking option.', 'Palolem, Goa', 25.00, 300),
  (2404, 24, 'Goa Spice Plantation', 'Food', 'Guided plantation tour with lunch.', 'Ponda, Goa', 22.00, 180);

-- Demo trips
INSERT INTO trips (id, user_id, title, description, start_date, end_date, is_public, share_token) VALUES
  (1, 1, 'European Rail Backpacking Loop', 'A fast, photogenic rail route through classic European capitals with food, museums, and landmark stops.', '2026-06-12', '2026-06-27', TRUE, 'europe-rail-demo-2026'),
  (2, 2, 'Japan City Lights and Temples', 'A balanced Japan route mixing Tokyo energy, Kyoto temples, Osaka food, Hiroshima history, and Nara day-trip charm.', '2026-09-05', '2026-09-17', TRUE, 'japan-city-demo-2026'),
  (3, 1, 'India Heritage and Sacred Rivers', 'A culture-heavy India itinerary covering Delhi, Agra, Rajasthan, Varanasi, and Mumbai.', '2026-11-03', '2026-11-18', TRUE, 'india-culture-demo-2026');

-- Ordered city stops per trip
INSERT INTO stops (id, trip_id, city_id, stop_order, arrival_date, departure_date) VALUES
  (1, 1, 1, 1, '2026-06-12', '2026-06-14'),
  (2, 1, 2, 2, '2026-06-14', '2026-06-16'),
  (3, 1, 3, 3, '2026-06-16', '2026-06-19'),
  (4, 1, 4, 4, '2026-06-19', '2026-06-21'),
  (5, 1, 5, 5, '2026-06-21', '2026-06-23'),
  (6, 1, 8, 6, '2026-06-23', '2026-06-27'),
  (7, 2, 11, 1, '2026-09-05', '2026-09-08'),
  (8, 2, 12, 2, '2026-09-08', '2026-09-11'),
  (9, 2, 13, 3, '2026-09-11', '2026-09-13'),
  (10, 2, 14, 4, '2026-09-13', '2026-09-15'),
  (11, 2, 15, 5, '2026-09-15', '2026-09-17'),
  (12, 3, 17, 1, '2026-11-03', '2026-11-05'),
  (13, 3, 18, 2, '2026-11-05', '2026-11-07'),
  (14, 3, 19, 3, '2026-11-07', '2026-11-10'),
  (15, 3, 20, 4, '2026-11-10', '2026-11-12'),
  (16, 3, 21, 5, '2026-11-12', '2026-11-15'),
  (17, 3, 22, 6, '2026-11-15', '2026-11-18');

-- Activities assigned to stops
INSERT INTO stop_activities (id, stop_id, activity_id, activity_order, scheduled_date, start_time) VALUES
  (1, 1, 101, 1, '2026-06-12', '14:00:00'),
  (2, 1, 102, 2, '2026-06-13', '10:00:00'),
  (3, 1, 103, 3, '2026-06-13', '18:00:00'),
  (4, 2, 201, 1, '2026-06-15', '10:00:00'),
  (5, 2, 202, 2, '2026-06-15', '15:00:00'),
  (6, 2, 203, 3, '2026-06-16', '09:30:00'),
  (7, 3, 301, 1, '2026-06-17', '09:00:00'),
  (8, 3, 302, 2, '2026-06-17', '12:00:00'),
  (9, 3, 303, 3, '2026-06-18', '18:30:00'),
  (10, 4, 401, 1, '2026-06-20', '06:30:00'),
  (11, 4, 402, 2, '2026-06-20', '11:00:00'),
  (12, 5, 501, 1, '2026-06-22', '10:00:00'),
  (13, 5, 503, 2, '2026-06-22', '19:00:00'),
  (14, 6, 801, 1, '2026-06-24', '09:30:00'),
  (15, 6, 802, 2, '2026-06-25', '10:00:00'),
  (16, 6, 803, 3, '2026-06-26', '19:00:00'),
  (17, 7, 1101, 1, '2026-09-05', '17:00:00'),
  (18, 7, 1102, 2, '2026-09-06', '09:00:00'),
  (19, 7, 1104, 3, '2026-09-07', '15:00:00'),
  (20, 8, 1201, 1, '2026-09-09', '07:30:00'),
  (21, 8, 1202, 2, '2026-09-10', '09:00:00'),
  (22, 8, 1204, 3, '2026-09-10', '13:00:00'),
  (23, 9, 1301, 1, '2026-09-11', '19:00:00'),
  (24, 9, 1303, 2, '2026-09-12', '11:00:00'),
  (25, 10, 1401, 1, '2026-09-14', '09:30:00'),
  (26, 10, 1402, 2, '2026-09-14', '13:00:00'),
  (27, 11, 1501, 1, '2026-09-16', '09:00:00'),
  (28, 11, 1502, 2, '2026-09-16', '11:00:00'),
  (29, 12, 1701, 1, '2026-11-03', '14:00:00'),
  (30, 12, 1702, 2, '2026-11-04', '10:00:00'),
  (31, 12, 1703, 3, '2026-11-04', '18:00:00'),
  (32, 13, 1801, 1, '2026-11-06', '06:00:00'),
  (33, 13, 1802, 2, '2026-11-06', '11:00:00'),
  (34, 13, 1803, 3, '2026-11-06', '17:00:00'),
  (35, 14, 1901, 1, '2026-11-08', '09:00:00'),
  (36, 14, 1902, 2, '2026-11-08', '14:00:00'),
  (37, 14, 1903, 3, '2026-11-09', '08:30:00'),
  (38, 14, 1904, 4, '2026-11-09', '16:00:00'),
  (39, 15, 2001, 1, '2026-11-11', '10:00:00'),
  (40, 15, 2002, 2, '2026-11-11', '17:00:00'),
  (41, 15, 2003, 3, '2026-11-11', '19:00:00'),
  (42, 16, 2101, 1, '2026-11-13', '05:45:00'),
  (43, 16, 2102, 2, '2026-11-13', '10:30:00'),
  (44, 16, 2103, 3, '2026-11-13', '18:00:00'),
  (45, 17, 2201, 1, '2026-11-16', '09:30:00'),
  (46, 17, 2202, 2, '2026-11-16', '12:00:00'),
  (47, 17, 2203, 3, '2026-11-17', '18:00:00');

-- Packing checklist items
INSERT INTO packing_items (id, trip_id, item_name, quantity, is_packed) VALUES
  (1, 1, 'Passport', 1, TRUE),
  (2, 1, 'Eurail pass', 1, TRUE),
  (3, 1, 'Compact backpack', 1, FALSE),
  (4, 1, 'Walking shoes', 1, TRUE),
  (5, 1, 'Universal adapter', 1, FALSE),
  (6, 1, 'Reusable water bottle', 1, FALSE),
  (7, 1, 'Light rain jacket', 1, FALSE),
  (8, 1, 'Museum booking PDFs', 1, TRUE),
  (9, 2, 'Passport', 1, TRUE),
  (10, 2, 'Japan rail pass', 1, FALSE),
  (11, 2, 'IC transit card', 1, FALSE),
  (12, 2, 'Pocket WiFi booking', 1, TRUE),
  (13, 2, 'Comfortable sneakers', 1, TRUE),
  (14, 2, 'Temple socks', 3, FALSE),
  (15, 2, 'Coin pouch', 1, FALSE),
  (16, 2, 'Travel umbrella', 1, FALSE),
  (17, 3, 'Passport', 1, TRUE),
  (18, 3, 'India e-visa printout', 1, TRUE),
  (19, 3, 'Cotton scarf', 1, FALSE),
  (20, 3, 'Sunscreen', 1, FALSE),
  (21, 3, 'Power bank', 1, TRUE),
  (22, 3, 'Electrolyte packets', 6, FALSE),
  (23, 3, 'Modest temple clothes', 2, FALSE),
  (24, 3, 'Offline map downloads', 1, TRUE);

-- Trip and stop notes
INSERT INTO notes (id, trip_id, stop_id, title, body) VALUES
  (1, 1, NULL, 'Rail strategy', 'Keep morning trains for city transfers and leave evenings open for food neighborhoods.'),
  (2, 1, 1, 'Paris arrival', 'Book Louvre timed entry before train day and keep bags near Gare du Nord.'),
  (3, 1, 6, 'Rome finale', 'Use Rome as the final high-impact judge demo stop with dense activity cards.'),
  (4, 2, NULL, 'Japan pacing', 'Keep Tokyo busy, then use Kyoto and Nara for calmer temple-heavy days.'),
  (5, 2, 8, 'Kyoto early starts', 'Schedule Fushimi Inari early to avoid crowds and improve itinerary screenshots.'),
  (6, 3, NULL, 'Cultural focus', 'Highlight food, forts, river rituals, and strong city-to-city storytelling.'),
  (7, 3, 13, 'Agra timing', 'Taj Mahal must stay at sunrise for the best demo itinerary moment.'),
  (8, 3, 16, 'Varanasi note', 'Boat ride and evening aarti create a clear morning-to-evening day plan.');

-- One budget cap per trip
INSERT INTO budget_caps (id, trip_id, amount, currency_code) VALUES
  (1, 1, 2400.00, 'USD'),
  (2, 2, 2100.00, 'USD'),
  (3, 3, 1500.00, 'USD');
